machine,ns_without_hook,ns_with_hook,overhead_pct
MacbookAirM4-16G-13inch,458.263,694.836,51.62384918703889
Ryzen5-3600-32G-Linux,908.498,1343.561,47.888162659686635
