machine,ns_without_hook,ns_with_hook,overhead_pct
MacbookAir-M4-16G,458.263,694.836,51.62384918703889
OVH-VPS-4vCPU-8G,1661.139,2552.628,53.667333076882805
Raspberry-pi-5-8G,1707.367,2462.792,44.2450275775507
Ryzen5-3600-32G,908.498,1343.561,47.888162659686635
